title,author,score,num_comments,created_utc,permalink,external_url,excerpt
What are the craziest business automations you have come across so far?,No-Marionberry8257,,,2026-09-29T08:49:51.000Z,https://www.reddit.com/r/automation/comments/1wt4xd7/what_are_the_craziest_business_automations_you/,,"As LLMs get more and more powerful, I feel the scope and craziness of automations should definitely get crazier and crazier by day. However I haven't really seen great use cases in production yet I fe…"
"My client wanted their entire Sales process automated because adoption was low. I tried paperclip and hyper agents, but I failed.",rvy474,,,2026-09-29T10:51:05.000Z,https://www.reddit.com/r/automation/comments/1wt6wus/my_client_wanted_their_entire_sales_process/,,"This was an engagement with a medium size construction tech company in the middle east, and it started off great. I was automating CRM hygiene, Proposal generation and bunch of close ended tasks for t…"
I'm currently working on an automation project(PDF to Excel) and am in desperate need of suggestions and options,Ultra04_,,,2026-09-29T06:04:05.000Z,https://www.reddit.com/r/automation/comments/1wt29lq/im_currently_working_on_an_automation_projectpdf/,,Hello. This is my first time posting here. Apology if It breches any rules etc. let me know I will edit. I'm currently working on PDF TO EXCEL automation project. It's basically as the name suggests t…
perfectly quiet pipelines are just silent garbage factories,Full_Collar9026,,,2026-09-29T00:20:08.000Z,https://www.reddit.com/r/automation/comments/1wsviiw/perfectly_quiet_pipelines_are_just_silent_garbage/,,"logged into the dashboard at 9am, saw 4,000 successful runs, and felt great. then i checked the database. the source api changed its date format last week, but the script didn't crash. it just happily…"
I built a quote run for 25 machine shops and learned to validate the supplier before asking for inventory,Evening_Hawk_7470,,,2026-09-28T23:23:03.000Z,https://www.reddit.com/r/automation/comments/1wsu8f7/i_built_a_quote_run_for_25_machine_shops_and/,,"I needed same-week capacity for a small CNC job, had a very old vendor list with 25 shops (thought like a third of them were closed permamently). Still, my list looked a bit useful: company name, addr…"
The most expensive customer-message automation bug is confirming something that never happened,Equivalent_Cap8649,,,2026-09-28T21:56:05.000Z,https://www.reddit.com/r/automation/comments/1wss79v/the_most_expensive_customermessage_automation_bug/,,"""Done! Your appointment is Thursday."" The bot said that. The calendar did not. Now the customer might show up on Thursday and find nothing there. We'd be angry too. So we make the bot check the calend…"
what’s the difference between a good automation and a bad one?,yossef_egy,,,2026-09-28T10:17:50.000Z,https://www.reddit.com/r/automation/comments/1wsase8/whats_the_difference_between_a_good_automation/,,Hey guys I’m a beginner and I want to know how I can tell the difference between a good automation and a bad automation Because I can’t really see the difference since I don’t have experienc and the s…
AI and Automation practitioner apprenticeship,Bridgeauto01,,,2026-09-28T15:11:51.000Z,https://www.reddit.com/r/automation/comments/1wsh8z1/ai_and_automation_practitioner_apprenticeship/,,"Looking at doing the AI and Automation Practitioner apprenticeship (ST1512), anyone done it or know someone who has? I'm UK based, already working in automation with a few years of RPA experience unde…"
Agent automation,Remon996,,,2026-09-28T16:36:33.000Z,https://www.reddit.com/r/automation/comments/1wsjjur/agent_automation/,https://github.com/MohammedJawadAliShujah/Customer-Support-Agent,I built a customer support agent that uses Hindsight as a persistent memory layer. The problem I wanted to solve is simple: customers shouldn't have to explain the same issue every time they contact s…
My voiceover pipeline runs with zero manual commands,interestingsouper,,,2026-09-28T16:23:52.000Z,https://www.reddit.com/r/automation/comments/1wsj7mn/my_voiceover_pipeline_runs_with_zero_manual/,/r/MuseDev/comments/1wsj4az/my_voiceover_pipeline_runs_with_zero_manual/,
